"Path","Platform","Compiled","Cooked","Permutations","Compiletime","CompiledDouble","CookedDouble"
"/Game/Realistic_Starter_VFX_Pack_Vol2/Materials/M_Mud.M_Mud","0","54","58","1","69.161224","0","58"
"/Game/Realistic_Starter_VFX_Pack_Vol2/Materials/M_Derbis.M_Derbis","0","26","26","1","29.564867","0","26"
"/Game/Realistic_Starter_VFX_Pack_Vol2/Materials/M_Basic_Shape.M_Basic_Shape","0","46","46","1","64.975258","0","46"
"/Game/Realistic_Starter_VFX_Pack_Vol2/DemoRoom/Materials/M_DemoWall.M_DemoWall","0","56","59","1","91.242523","0","59"
"/Game/MegaMagicVFXBundle/VFX/MagicShieldsVFX/Essentials/Materials/M_FlameShield.M_FlameShield","0","62","62","1","87.492958","0","62"
"/Game/MegaMagicVFXBundle/VFX/MagicAuraVFX/Essentials/Materials/M_Flames.M_Flames","0","12","12","1","13.788949","0","12"
"/Game/MegaMagicVFXBundle/VFX/MagicalExplosionsVFX/Essentials/Materials/M_Flames.M_Flames","0","12","12","1","14.078901","0","12"
"/Game/MegaMagicVFXBundle/VFX/MagicShieldsVFX/Essentials/Materials/M_Fire_SubUV.M_Fire_SubUV","0","14","14","1","45.175640","0","14"
"/Game/MegaMagicVFXBundle/VFX/MagicalExplosionsVFX/Essentials/Materials/M_SmokeSubUV.M_SmokeSubUV","0","74","74","1","84.579758","0","74"
"/Game/MegaMagicVFXBundle/VFX/MagicalExplosionsVFX/Essentials/Materials/M_Rock.M_Rock","0","26","26","1","36.714596","0","26"
"/Game/MegaMagicVFXBundle/VFX/MagicAuraVFX/Essentials/Materials/M_Meteor.M_Meteor","0","26","26","1","36.912949","0","26"
"/Game/MegaMagicVFXBundle/VFX/MagicalExplosionsVFX/Essentials/Materials/M_Meteor.M_Meteor","0","26","26","1","35.871273","0","26"
"/Game/MegaMagicVFXBundle/VFX/MagicalExplosionsVFX/Essentials/Materials/M_GroundCracks.M_GroundCracks","0","42","42","1","57.770897","0","42"
"/Game/ImportedAssets/terminal-02/textures/Terminal_002_Normal_tga_Mat.Terminal_002_Normal_tga_Mat","0","14","14","1","19.202900","0","14"
"/Game/ImportedAssets/terminal-02/textures/Terminal_002_Metallic_and_roughness_tga_Mat.Terminal_002_Metallic_and_roughness_tga_Mat","0","14","14","1","16.366331","0","14"
"/Game/ImportedAssets/terminal-02/textures/Terminal_002_Emissive_tga_Mat.Terminal_002_Emissive_tga_Mat","0","14","14","1","1.816699","0","14"
"/Game/ImportedAssets/terminal-02/textures/Terminal_002_Base_Color_tga_Mat.Terminal_002_Base_Color_tga_Mat","0","14","14","1","0.000000","0","14"
"/Game/ImportedAssets/terminal-02/textures/Terminal_002_AO_tga_Mat.Terminal_002_AO_tga_Mat","0","14","14","1","0.000000","0","14"
"/Game/ImportedAssets/stasis-grenade/textures/grenadeS_Normal_tga_Mat.grenadeS_Normal_tga_Mat","0","14","14","1","0.000000","0","14"
"/Game/ImportedAssets/stasis-grenade/textures/grenadeS_Metallic_roughness_tga_Mat.grenadeS_Metallic_roughness_tga_Mat","0","14","14","1","0.000000","0","14"
"/Game/ImportedAssets/stasis-grenade/textures/grenadeS_Emissive_tga_Mat.grenadeS_Emissive_tga_Mat","0","14","14","1","0.000000","0","14"
"/Game/ImportedAssets/stasis-grenade/textures/grenadeS_Base_Color_tga_Mat.grenadeS_Base_Color_tga_Mat","0","14","14","1","0.000000","0","14"
"/Game/ImportedAssets/stasis-grenade/textures/grenadeS_AO_tga_Mat.grenadeS_AO_tga_Mat","0","14","14","1","0.000000","0","14"
"/Game/ImportedAssets/SpaceShip/spaceship/textures/sp_1_color_Mat.sp_1_color_Mat","0","14","14","1","0.000000","0","14"
"/Game/ImportedAssets/sci-fi-crate-1/textures/TestBox1_W1_bake_Roughness_Mat.TestBox1_W1_bake_Roughness_Mat","0","14","14","1","0.000000","0","14"
"/Game/ImportedAssets/sci-fi-crate-1/textures/TestBox1_W1_bake_Normal_Mat.TestBox1_W1_bake_Normal_Mat","0","14","14","1","0.000000","0","14"
"/Game/ImportedAssets/sci-fi-crate-1/textures/TestBox1_W1_bake_Metallic_Mat.TestBox1_W1_bake_Metallic_Mat","0","14","14","1","0.000000","0","14"
"/Game/ImportedAssets/sci-fi-crate-1/textures/TestBox1_W1_bake_BaseColor_Mat.TestBox1_W1_bake_BaseColor_Mat","0","14","14","1","0.000000","0","14"
"/Game/ImportedAssets/Rede_Pesca/RedePesca_Madeira_MetallicSmoothness_Mat.RedePesca_Madeira_MetallicSmoothness_Mat","0","14","14","1","0.000000","0","14"
"/Game/ImportedAssets/Rede_Pesca/RedePesca_Madeira_AlbedoTransparency_Mat.RedePesca_Madeira_AlbedoTransparency_Mat","0","14","14","1","18.236387","0","14"
"/Game/ImportedAssets/low-poly-scarecrow/textures/low_poly_scarecrow_DefaultMaterial_transpa_Mat.low_poly_scarecrow_DefaultMaterial_transpa_Mat","0","14","14","1","0.000000","0","14"
"/Game/ImportedAssets/low-poly-scarecrow/textures/low_poly_scarecrow_DefaultMaterial_specexp_Mat.low_poly_scarecrow_DefaultMaterial_specexp_Mat","0","14","14","1","0.000000","0","14"
"/Game/ImportedAssets/low-poly-scarecrow/textures/low_poly_scarecrow_DefaultMaterial_normal_Mat.low_poly_scarecrow_DefaultMaterial_normal_Mat","0","14","14","1","0.000000","0","14"
"/Game/ImportedAssets/low-poly-scarecrow/textures/low_poly_scarecrow_DefaultMaterial_metalne_Mat.low_poly_scarecrow_DefaultMaterial_metalne_Mat","0","14","14","1","0.000000","0","14"
"/Game/ImportedAssets/low-poly-scarecrow/textures/low_poly_scarecrow_DefaultMaterial_color_Mat.low_poly_scarecrow_DefaultMaterial_color_Mat","0","14","14","1","0.000000","0","14"
"/Game/ImportedAssets/fantasy-wooden-bridge/textures/rope_by_samdrewpictures-d5zj5l7_Mat.rope_by_samdrewpictures-d5zj5l7_Mat","0","14","14","1","0.000000","0","14"
"/Game/ImportedAssets/fantasy-wooden-bridge/textures/NormalMap_31__Mat.NormalMap_31__Mat","0","14","14","1","0.000000","0","14"
"/Game/ImportedAssets/fantasy-wooden-bridge/textures/NormalMap_30__Mat.NormalMap_30__Mat","0","14","14","1","0.000000","0","14"
"/Game/ImportedAssets/fantasy-wooden-bridge/textures/f5ea8fafb6585da6496439e72efa080f973dc257ea_Mat.f5ea8fafb6585da6496439e72efa080f973dc257ea_Mat","0","14","14","1","0.000000","0","14"
"/Game/ImportedAssets/fantasy-wooden-bridge/textures/d8e20cb4977320b0cbe89576798e6e82_Mat.d8e20cb4977320b0cbe89576798e6e82_Mat","0","14","14","1","0.000000","0","14"
"/Game/ImportedAssets/fantasy-wooden-bridge/textures/annabelle-macfarlane-smoothwood-seamless_Mat.annabelle-macfarlane-smoothwood-seamless_Mat","0","14","14","1","0.000000","0","14"
"/Game/ImportedAssets/Drone/drone_r_Mat.drone_r_Mat","0","14","14","1","0.000000","0","14"
"/Game/ImportedAssets/Drone/drone_opac_Mat.drone_opac_Mat","0","14","14","1","0.000000","0","14"
"/Game/ImportedAssets/Drone/drone_n_Mat.drone_n_Mat","0","14","14","1","0.000000","0","14"
"/Game/ImportedAssets/Drone/drone_m_Mat.drone_m_Mat","0","14","14","1","0.000000","0","14"
"/Game/ImportedAssets/Drone/drone_e_Mat.drone_e_Mat","0","14","14","1","0.000000","0","14"
"/Game/ImportedAssets/Drone/drone_d_Mat.drone_d_Mat","0","14","14","1","0.000000","0","14"
"/Game/ImportedAssets/Drone/drone_ao_Mat.drone_ao_Mat","0","14","14","1","0.000000","0","14"
"/Game/FXVarietyPack/Materials/M_ky_flare_flash.M_ky_flare_flash","0","28","28","2","24.096159","0","28"
"/Game/FXVarietyPack/Materials/M_ky_base.M_ky_base","0","28","28","2","25.802425","0","28"
"/Game/FXVarietyPack/Materials/M_ky_flare01_primitive.M_ky_flare01_primitive","0","34","34","2","38.893265","0","34"
"/Game/FXVarietyPack/Materials/M_ky_flarePillar.M_ky_flarePillar","0","22","22","1","19.527031","0","22"
"/Game/FXVarietyPack/Materials/M_ky_thunderForBeam.M_ky_thunderForBeam","0","14","14","1","12.548756","0","14"
"/Game/FXVarietyPack/Materials/M_ky_circle01_4x4G_nonD.M_ky_circle01_4x4G_nonD","0","14","14","1","12.776581","0","14"
"/Game/FXVarietyPack/Materials/M_ky_chantDecoA.M_ky_chantDecoA","0","22","22","1","21.324562","0","22"
"/Game/FXVarietyPack/Materials/M_ky_subUV_dynRGB.M_ky_subUV_dynRGB","0","14","14","1","13.235173","0","14"
"/Game/FXVarietyPack/Materials/M_ky_subUV03.M_ky_subUV03","0","14","14","1","14.724123","0","14"
"/Game/FXVarietyPack/Materials/M_ky_subUV01.M_ky_subUV01","0","22","22","1","20.760872","0","22"
"/Game/FXVarietyPack/Materials/M_ky_Fresnel.M_ky_Fresnel","0","22","22","1","20.445791","0","22"
"/Game/FXVarietyPack/Materials/M_ky_base_anime.M_ky_base_anime","0","28","28","2","20.007853","0","28"
"/Game/FXVarietyPack/EpicContent/Materials/M_DemoRoomTiles.M_DemoRoomTiles","0","26","27","1","39.376003","0","27"
"/Game/FXVarietyPack/EpicContent/Materials/M_DemoWallPattern.M_DemoWallPattern","0","69","69","3","92.986267","0","69"
"/Game/Assets/Walls/SimpleFloorFourBlock/BasicFloorFourSquares_standardSurface1_OcclusionRoughnessMetallic_Mat.BasicFloorFourSquares_standardSurface1_OcclusionRoughnessMetallic_Mat","0","14","14","1","0.000000","0","14"
"/Game/Assets/Walls/SimpleFloorFourBlock/BasicFloorFourSquares_standardSurface1_Normal_Mat.BasicFloorFourSquares_standardSurface1_Normal_Mat","0","14","14","1","0.000000","0","14"
"/Game/Assets/Walls/SimpleFloorFourBlock/BasicFloorFourSquares_standardSurface1_Emissive_Mat.BasicFloorFourSquares_standardSurface1_Emissive_Mat","0","14","14","1","0.000000","0","14"
"/Game/Assets/Walls/SimpleFloorFourBlock/standardSurface1.standardSurface1","0","14","14","1","17.790878","0","14"
"/Game/Assets/Walls/SimpleFloorFourBlock/BasicFloorFourSquares_standardSurface1_BaseColor_Mat.BasicFloorFourSquares_standardSurface1_BaseColor_Mat","0","14","14","1","16.368393","0","14"
"/Game/Assets/Walls/BasicPlainWall/standardSurface1.standardSurface1","0","14","14","1","0.000000","0","14"
"/Game/Assets/Enemies/EnemyTurret/standardSurface1.standardSurface1","0","14","14","1","0.000000","0","14"
"/Game/MegaMagicVFXBundle/VFX/MagicShieldsVFX/Essentials/Materials/M_FlameWall.M_FlameWall","0","62","62","1","77.122520","0","62"
"/ControlRig/Controls/ControlRigGizmoMaterial.ControlRigGizmoMaterial","0","0","4","1","0.000000","0","0"
"/MeshModelingToolset/Materials/M_DynamicMeshComponentVtxColor.M_DynamicMeshComponentVtxColor","0","0","20","1","0.000000","0","0"
"/Engine/EngineDebugMaterials/DebugEditorMaterial.DebugEditorMaterial","0","0","8","1","0.000000","0","0"
"/Engine/EditorMaterials/PhAT_NoCollisionMaterial.PhAT_NoCollisionMaterial","0","0","5","1","0.000000","0","0"
"/Engine/EditorMaterials/PhAT_UnselectedMaterial.PhAT_UnselectedMaterial","0","0","5","1","0.000000","0","0"
"/Engine/EngineMaterials/GizmoMaterial.GizmoMaterial","0","0","8","1","0.000000","0","0"
"/Engine/EngineDebugMaterials/DebugMeshMaterial.DebugMeshMaterial","0","0","7","1","0.000000","0","0"
"/Engine/EngineMaterials/RemoveSurfaceMaterial.RemoveSurfaceMaterial","0","0","4","1","0.000000","0","0"
"/Engine/EngineMaterials/NaniteHiddenSectionMaterial.NaniteHiddenSectionMaterial","0","0","29","1","0.000000","0","0"
"/Engine/EditorMaterials/Dataflow/DataflowVertexMaterial.DataflowVertexMaterial","0","0","26","1","0.000000","0","0"
"/Engine/BasicShapes/BasicShapeMaterial.BasicShapeMaterial","0","0","67","1","0.000000","0","0"
"/Engine/VREditor/TransformGizmo/TranslucentTransformGizmoMaterial.TranslucentTransformGizmoMaterial","0","0","5","1","0.000000","0","0"
"/ControlRig/Controls/ControlRigXRayMaterial.ControlRigXRayMaterial","0","0","11","1","0.000000","0","0"
"/Engine/EditorLandscapeResources/SplineEditorMeshMat.SplineEditorMeshMat","0","0","14","1","0.000000","0","0"
"/Engine/EngineDebugMaterials/M_SimpleUnlitTranslucent.M_SimpleUnlitTranslucent","0","0","5","1","0.000000","0","0"
"/Engine/EditorMaterials/Camera/CineMat.CineMat","0","0","26","1","0.000000","0","0"
"/Engine/VREditor/TransformGizmo/Xray.Xray","0","0","14","1","0.000000","0","0"
"/Engine/VREditor/TransformGizmo/Main.Main","0","0","5","1","0.000000","0","0"
"/Engine/EngineMaterials/DefaultLightFunctionMaterial.DefaultLightFunctionMaterial","0","0","45","1","0.000000","0","0"
"/Engine/EngineSky/M_SimpleSkyDome.M_SimpleSkyDome","0","0","4","1","0.000000","0","0"
"/Engine/EngineMaterials/PhAT_JointLimitMaterial.PhAT_JointLimitMaterial","0","0","11","1","0.000000","0","0"
"/Engine/EngineMaterials/EmissiveMeshMaterial.EmissiveMeshMaterial","0","0","7","1","0.000000","0","0"
"/Engine/TemplateResources/M_Template_Master.M_Template_Master","0","0","35","1","0.000000","0","0"
"/Engine/EngineMaterials/FlattenMaterial_WS_Normal_VT.FlattenMaterial_WS_Normal_VT","0","0","35","1","0.000000","0","0"
"/Engine/EngineMaterials/FlattenMaterial_VT.FlattenMaterial_VT","0","0","35","1","0.000000","0","0"
"/Engine/EngineMaterials/FlattenMaterial.FlattenMaterial","0","0","35","1","0.000000","0","0"
"/Engine/EngineMaterials/M_InvalidLightmapSettings.M_InvalidLightmapSettings","0","0","28","1","0.000000","0","0"
"/Paper2D/DefaultSpriteMaterial.DefaultSpriteMaterial","0","0","50","2","0.000000","0","0"
"/ControlRig/M_Manip.M_Manip","0","0","11","1","0.000000","0","0"
"/Engine/EngineDebugMaterials/M_VolumeRenderSphereTracePP.M_VolumeRenderSphereTracePP","0","0","5","1","0.000000","0","0"
"/Engine/VREditor/TransformGizmo/TransformGizmoMaterial.TransformGizmoMaterial","0","0","4","1","0.000000","0","0"
"/Engine/EngineMaterials/Widget3DPassThrough.Widget3DPassThrough","0","0","62","6","0.000000","0","5"
"/Engine/EngineMaterials/DefaultDeferredDecalMaterial.DefaultDeferredDecalMaterial","0","0","87","1","0.000000","0","0"
"/Engine/EngineMaterials/DefaultMaterial.DefaultMaterial","0","0","127","1","0.000000","0","0"
"/Engine/EngineMaterials/DefaultPostProcessMaterial.DefaultPostProcessMaterial","0","0","7","1","0.000000","0","0"
"/Engine/EngineMaterials/WorldGridMaterial.WorldGridMaterial","0","0","685","1","0.000000","0","0"
"/Engine/EngineMaterials/DefaultTextMaterialOpaque.DefaultTextMaterialOpaque","0","0","31","1","0.000000","0","0"
"/Engine/EngineMaterials/PPM_DefaultCalibrationGrayscale.PPM_DefaultCalibrationGrayscale","0","0","5","1","0.000000","0","0"
"/Engine/EngineMaterials/PPM_DefaultCalibrationColor.PPM_DefaultCalibrationColor","0","0","5","1","0.000000","0","0"
"/Engine/EditorMaterials/PreviewShadowIndicatorMaterial.PreviewShadowIndicatorMaterial","0","0","45","1","0.000000","0","0"
"/Engine/EngineSky/M_Sky_Panning_Clouds2.M_Sky_Panning_Clouds2","0","0","4","1","0.000000","0","0"
"/Engine/VREditor/SnapGrid/SnapGridMaterial.SnapGridMaterial","0","0","12","1","0.000000","0","0"
"/Engine/EngineSky/VolumetricClouds/m_SimpleVolumetricCloud.m_SimpleVolumetricCloud","0","0","100","1","0.000000","0","0"
"/Interchange/gltf/M_Unlit.M_Unlit","0","0","128","6","0.000000","0","0"
"","0","1","0","1","0.000000","512","0"
"/Game/FXVarietyPack/Materials/M_ky_polar.M_ky_polar","0","58","58","3","44.786499","0","58"
"/Game/MSPresets/M_MS_Glass_Material/M_MS_Glass_Material.M_MS_Glass_Material","0","33","33","1","332.195374","0","33"
"/Game/FXVarietyPack/Materials/M_ky_storm01.M_ky_storm01","0","88","88","4","84.719223","0","88"
"/Game/MegaMagicVFXBundle/VFX/MagicShieldsVFX/Essentials/Materials/M_Bubbles.M_Bubbles","0","62","62","1","83.081474","0","62"
"/Game/Materials/WallMaterial.WallMaterial","0","17","18","1","24.943033","0","18"
"/Game/FXVarietyPack/Materials/M_ky_smoke01.M_ky_smoke01","0","22","22","2","22.058155","0","22"
"/Game/MSPresets/M_MS_SurfaceBlend_Material/M_MS_SurfaceBlend_Material.M_MS_SurfaceBlend_Material","0","14","14","1","19.659769","0","14"
"/Game/FXVarietyPack/Materials/M_ky_starDust.M_ky_starDust","0","102","114","3","126.016655","0","114"
"/Game/MSPresets/M_MS_Decal_Material_VT/M_MS_Decal_Material_VT.M_MS_Decal_Material_VT","0","21","21","1","28.488485","21","63"
"/Game/MSPresets/M_MS_Decal_Material/M_MS_Decal_Material.M_MS_Decal_Material","0","21","21","1","26.448488","21","63"
"/Game/Assets/Walls/Default_Material.Default_Material","0","14","14","1","14.267944","0","14"
"/Game/Assets/LevelAssets/Cliff/standardSurface1.standardSurface1","0","14","14","1","3.112838","0","14"
"/Game/Assets/LevelAssets/Cliff/lambert3.lambert3","0","14","14","1","0.000000","0","14"
"/Game/Assets/LevelAssets/lambert2.lambert2","0","14","14","1","0.000000","0","14"
"/Game/Assets/Items_Objects/standardSurface1.standardSurface1","0","14","14","1","0.000000","0","14"
"/Game/Assets/HeroAssets/standardSurface1.standardSurface1","0","14","14","1","0.000000","0","14"
"/Game/Assets/Grapple_gun/standardSurface1.standardSurface1","0","14","14","1","0.000000","0","14"
"/Game/Assets/Enemies/standardSurface1.standardSurface1","0","14","14","1","0.000000","0","14"
"/Game/Assets/standardSurface1.standardSurface1","0","14","14","1","0.000000","0","14"
"/Game/MSPresets/M_MS_Foliage_Material/M_MS_Foliage_Material.M_MS_Foliage_Material","0","29","31","1","44.043915","0","31"
"/Game/MSPresets/M_MS_Billboard_Material/M_MS_Billboard_Material.M_MS_Billboard_Material","0","58","62","1","107.930405","0","62"
"/Game/MSPresets/M_MS_Default_Fuzz_Material_VT/M_MS_Default_Fuzz_Material_VT.M_MS_Default_Fuzz_Material_VT","0","14","14","1","19.007868","0","14"
"/Game/MSPresets/M_MS_Default_Fuzz_Material/M_MS_Default_Fuzz_Material.M_MS_Default_Fuzz_Material","0","14","14","1","18.557150","0","14"
"/Game/MSPresets/M_MS_Default_Transmission_Material_VT/M_MS_Default_Transmission_Material_VT.M_MS_Default_Transmission_Material_VT","0","14","14","1","19.833895","0","14"
"/Game/MSPresets/M_MS_Default_Transmission_Material/M_MS_Default_Transmission_Material.M_MS_Default_Transmission_Material","0","14","14","1","17.402239","0","14"
"/Engine/OpenWorldTemplate/LandscapeMaterial/M_ProcGrid.M_ProcGrid","0","0","28","2","0.000000","0","0"
"/SpeedTreeImporter/SpeedTree9/SpeedTreeBillboardMaster.SpeedTreeBillboardMaster","0","0","62","1","0.000000","0","0"
"/SpeedTreeImporter/SpeedTree9/SpeedTreeMaster.SpeedTreeMaster","0","0","88","1","0.000000","0","0"
"/Interchange/gltf/M_SpecularGlossiness.M_SpecularGlossiness","0","0","272","6","0.000000","0","0"
"/Interchange/gltf/M_Transmission.M_Transmission","0","0","96","2","0.000000","0","0"
"/Interchange/gltf/M_Sheen.M_Sheen","0","0","272","6","0.000000","0","0"
"/Interchange/gltf/M_ClearCoat.M_ClearCoat","0","0","272","6","0.000000","0","0"
"/Interchange/gltf/M_Default.M_Default","0","0","272","6","0.000000","0","0"
"/Game/MegaMagicVFXBundle/DemoMaps/DemoMapMagicShields/MaterialsandTextures/M_DemoMapWall.M_DemoMapWall","0","14","14","1","16.269648","0","14"
"/Game/Materials/TextMaterial.TextMaterial","0","17","18","1","22.993429","0","18"
"/Game/Materials/standardSurface1.standardSurface1","0","14","14","1","0.000000","0","14"
"/Game/Materials/SmallBlockMaterial.SmallBlockMaterial","0","14","14","1","16.593935","0","14"
"/Game/Materials/Mat_OutlineEnemyBullet.Mat_OutlineEnemyBullet","0","17","19","1","27.941334","0","19"
"/Game/Materials/Mat_OutlineEnemy.Mat_OutlineEnemy","0","17","19","1","0.000000","0","19"
"/Game/Materials/Mat_OutlineCheckpoint.Mat_OutlineCheckpoint","0","17","19","1","0.000000","0","19"
"/Game/Materials/Mat_Outline.Mat_Outline","0","17","19","1","0.000000","0","19"
"/Game/ImportedAssets/terminal-02/source/lambert1.lambert1","0","14","14","1","0.000000","0","14"
"/Game/ImportedAssets/stasis-grenade/source/lambert1.lambert1","0","14","14","1","0.000000","0","14"
"/Game/ImportedAssets/spin-blade-devastator-mark-1/source/FrontColor.FrontColor","0","14","14","1","0.000000","0","14"
"/Game/ImportedAssets/sci-fi-crate-1/source/Default.Default","0","14","14","1","0.000000","0","14"
"/Game/ImportedAssets/Rede_Pesca/RedeMaterial.RedeMaterial","0","14","14","1","0.000000","0","14"
"/Game/ImportedAssets/Rede_Pesca/Madeira.Madeira","0","14","14","1","0.000000","0","14"
"/Game/ImportedAssets/fantasy-wooden-bridge/source/woodTop.woodTop","0","14","14","1","0.000000","0","14"
"/Game/ImportedAssets/fantasy-wooden-bridge/source/wood1.wood1","0","14","14","1","0.000000","0","14"
"/Game/ImportedAssets/fantasy-wooden-bridge/source/visse.visse","0","14","14","1","0.000000","0","14"
"/Game/ImportedAssets/fantasy-wooden-bridge/source/rope.rope","0","14","14","1","0.000000","0","14"
"/Game/ImportedAssets/Drone/Material__5.Material__5","0","14","14","1","0.000000","0","14"
"/Game/ImportedAssets/Drone/Material__4.Material__4","0","14","14","1","0.000000","0","14"
"/Game/MSPresets/M_MS_Imperfection_Material_VT/M_MS_Imperfection_Material_VT.M_MS_Imperfection_Material_VT","0","14","14","1","15.278008","0","14"
"/Game/MSPresets/M_MS_Imperfection_Material/M_MS_Imperfection_Material.M_MS_Imperfection_Material","0","14","14","1","3.983091","0","14"
"/Game/MSPresets/M_MS_ImperfectionDecal_Material_VT/M_MS_ImperfectionDecal_Material_VT.M_MS_ImperfectionDecal_Material_VT","0","21","21","1","26.323227","21","63"
"/Game/MSPresets/M_MS_ImperfectionDecal_Material/M_MS_ImperfectionDecal_Material.M_MS_ImperfectionDecal_Material","0","21","21","1","1.828962","21","63"
"/Game/Materials/MAT_ForceField.MAT_ForceField","0","7","7","1","8.360039","0","7"
"/Game/MSPresets/M_MS_Surface_Material_VT/M_MS_Surface_Material_VT.M_MS_Surface_Material_VT","0","14","14","1","19.322680","0","14"
"/Game/MSPresets/M_MS_Surface_Material/M_MS_Surface_Material.M_MS_Surface_Material","0","14","14","1","17.062418","0","14"
"/Bridge/MSPresets/M_MS_Glass_Material/M_MS_Glass_Material.M_MS_Glass_Material","0","33","33","1","370.256500","0","33"
"/Game/FXVarietyPack/Materials/M_ky_aura9.M_ky_aura9","0","44","44","2","41.874184","0","44"
"/Game/MegaMagicVFXBundle/VFX/MagicAuraVFX/Essentials/Materials/M_Ribbon.M_Ribbon","0","38","38","1","41.081337","0","38"
"/Game/Materials/LightWall.LightWall","0","14","14","1","15.693110","0","14"
"/Game/Materials/LED_red.LED_red","0","14","14","1","15.805509","0","14"
"/Game/FXVarietyPack/Materials/M_ky_flareVert.M_ky_flareVert","0","11","11","1","9.699641","0","11"
"/Game/FXVarietyPack/Materials/M_ky_dust01_4x4.M_ky_dust01_4x4","0","11","11","1","10.246449","0","11"
"/Game/FXVarietyPack/EpicContent/Materials/M_Glass.M_Glass","0","29","29","1","43.936546","0","29"
"/Game/FXVarietyPack/Materials/M_ky_laser01.M_ky_laser01","0","17","17","1","16.257330","0","17"
"/Game/MegaMagicVFXBundle/VFX/MagicalExplosionsVFX/Essentials/Materials/M_MasterSpriteMat.M_MasterSpriteMat","0","62","62","1","75.869865","0","62"
"/Game/Materials/blackhole_mat.blackhole_mat","0","17","18","1","23.982096","0","18"
"/Game/Realistic_Starter_VFX_Pack_Vol2/Materials/M_Snow.M_Snow","0","11","11","1","11.085575","0","11"
"/Game/Realistic_Starter_VFX_Pack_Vol2/Materials/M_Glow_B.M_Glow_B","0","11","11","1","11.330337","0","11"
"/Game/Realistic_Starter_VFX_Pack_Vol2/Materials/M_Glow_A.M_Glow_A","0","11","11","1","11.217296","0","11"
"/Game/MegaMagicVFXBundle/VFX/MagicAuraVFX/Essentials/Materials/M_Stars.M_Stars","0","17","17","1","19.163570","0","17"
"/Game/MegaMagicVFXBundle/VFX/MagicalExplosionsVFX/Essentials/Materials/M_Water.M_Water","0","38","38","1","49.192860","0","38"
"/Game/FXVarietyPack/Materials/M_ky_primitive_dyn2.M_ky_primitive_dyn2","0","44","44","2","34.763268","0","44"
"/Game/MegaMagicVFXBundle/VFX/MagicalExplosionsVFX/Essentials/Materials/M_Lightning.M_Lightning","0","38","38","1","0.000000","0","38"
"/Game/FXVarietyPack/Materials/M_ky_waterDust02.M_ky_waterDust02","0","11","11","1","11.520029","0","11"
"/Game/FXVarietyPack/Materials/M_ky_trail_primitive.M_ky_trail_primitive","0","17","17","1","16.677361","0","17"
"/Game/FXVarietyPack/Materials/M_ky_polar_primitive.M_ky_polar_primitive","0","14","14","1","14.427332","0","14"
"/Game/FXVarietyPack/Materials/M_ky_magicCircle020.M_ky_magicCircle020","0","11","11","1","11.145386","0","11"
"/Game/FXVarietyPack/Materials/M_ky_dynDust.M_ky_dynDust","0","17","17","1","16.457844","0","17"
"/Game/FXVarietyPack/Materials/M_ky_base_turbulence.M_ky_base_turbulence","0","17","17","1","16.437059","0","17"
"/Game/FXVarietyPack/Materials/M_ky_empty.M_ky_empty","0","14","14","1","10.413409","0","14"
"/Game/FXVarietyPack/EpicContent/Materials/M_DemoWall.M_DemoWall","0","71","75","1","16.319170","0","75"
"/Game/Assets/Walls/standardSurface1.standardSurface1","0","14","14","1","0.000000","0","14"
"/Niagara/DefaultAssets/DefaultSpriteMaterial.DefaultSpriteMaterial","0","32","37","1","46.194538","0","37"
"/Game/FXVarietyPack/Materials/M_ky_shockWave03_4x4.M_ky_shockWave03_4x4","0","44","44","2","32.396561","0","44"
"/Game/Materials/Blue_LED.Blue_LED","0","14","14","1","16.596531","0","14"
"/Game/Materials/BlockMaterial.BlockMaterial","0","14","14","1","17.133488","0","14"
"/Game/FXVarietyPack/EpicContent/Materials/M_LightTube.M_LightTube","0","4","4","1","5.334867","0","4"
"/Game/Realistic_Starter_VFX_Pack_Vol2/DemoRoom/Materials/DefaultTextMaterialTranslucentUnlit.DefaultTextMaterialTranslucentUnlit","0","22","22","1","31.151611","0","22"
"/Game/FXVarietyPack/Materials/M_ky_primitive.M_ky_primitive","0","42","47","1","51.712231","0","47"
"/Game/Materials/BoxMaterial.BoxMaterial","0","17","18","1","23.011383","0","18"
"/Game/FXVarietyPack/EpicContent/Materials/M_DefaultTextMaterialTranslucentUnlit.M_DefaultTextMaterialTranslucentUnlit","0","102","102","1","86.853035","0","102"
"/Game/Realistic_Starter_VFX_Pack_Vol2/Materials/M_Fish_A.M_Fish_A","0","104","112","1","141.267242","0","112"
"/Game/FXVarietyPack/Materials/M_ky_stormDeco01.M_ky_stormDeco01","0","27","27","1","26.662867","0","27"
"/Game/MegaMagicVFXBundle/VFX/MagicalExplosionsVFX/Essentials/Materials/M_CircleSoft.M_CircleSoft","0","38","38","1","50.382877","0","38"
"/Game/MegaMagicVFXBundle/VFX/MagicalExplosionsVFX/Essentials/Materials/M_CircleHard.M_CircleHard","0","42","42","1","52.387161","0","42"
"/Game/FXVarietyPack/Materials/M_ky_stone02.M_ky_stone02","0","47","53","1","58.097164","0","53"
"/Game/Realistic_Starter_VFX_Pack_Vol2/Materials/M_Impact_C.M_Impact_C","0","11","11","1","10.443358","0","11"
"/Game/FXVarietyPack/Materials/M_ky_auraWall02.M_ky_auraWall02","0","36","36","2","27.628994","0","36"
"/Game/Realistic_Starter_VFX_Pack_Vol2/Materials/M_Impact_A.M_Impact_A","0","11","11","1","0.000000","0","11"
"/Game/Realistic_Starter_VFX_Pack_Vol2/Materials/M_Dandelion.M_Dandelion","0","11","11","1","0.000000","0","11"
"/Game/Realistic_Starter_VFX_Pack_Vol2/Materials/M_Bubble_pop.M_Bubble_Pop","0","11","11","1","5.420506","0","11"
"/Game/Realistic_Starter_VFX_Pack_Vol2/Materials/M_Bubble.M_Bubble","0","11","11","1","0.000000","0","11"
"/Game/Realistic_Starter_VFX_Pack_Vol2/Materials/M_Bubble_B.M_Bubble_B","0","11","11","1","0.000000","0","11"
"/Game/Realistic_Starter_VFX_Pack_Vol2/Materials/M_Water_Splat.M_Water_Splat","0","11","11","1","0.000000","0","11"
"/Game/Realistic_Starter_VFX_Pack_Vol2/Materials/M_Splat_A.M_Splat_A","0","11","11","1","0.000000","0","11"
"/Game/Realistic_Starter_VFX_Pack_Vol2/Materials/M_Smoke_Ground_C.M_Smoke_Ground_C","0","56","56","1","59.581383","0","56"
"/Game/Realistic_Starter_VFX_Pack_Vol2/Materials/M_Smoke_Ground_B.M_Smoke_Ground_B","0","56","56","1","0.000000","0","56"
"/Game/Realistic_Starter_VFX_Pack_Vol2/Materials/M_Slash.M_Slash","0","11","11","1","4.691896","0","11"
"/Game/Realistic_Starter_VFX_Pack_Vol2/Materials/M_Glow_C.M_Glow_C","0","14","14","1","11.167603","0","14"
"/Game/Realistic_Starter_VFX_Pack_Vol2/Materials/M_Blood_C.M_Blood_C","0","27","27","1","19.800762","0","27"
"/Game/FXVarietyPack/Materials/M_ky_vortex04_4x4.M_ky_vortex04_4x4","0","36","36","2","13.652674","0","36"
"/Game/Realistic_Starter_VFX_Pack_Vol2/Materials/M_Fire_Splat.M_Fire_Splat","0","11","11","1","8.640731","0","11"
"/Game/MSPresets/M_MS_Imperfection_Material_VT/M_MS_Imperfection_Material_Var_VT.M_MS_Imperfection_Material_Var_VT","0","14","14","1","17.648193","0","14"
"/Game/MSPresets/M_MS_Imperfection_Material_Var/M_MS_Imperfection_Material_Var.M_MS_Imperfection_Material_Var","0","14","14","1","16.269072","0","14"
"/Game/MSPresets/M_MS_Default_Material/M_MS_Default_Material.M_MS_Default_Material","0","14","14","1","19.404268","0","14"
"/Game/MegaMagicVFXBundle/VFX/MagicAuraVFX/Essentials/Materials/M_Shield.M_Shield","0","8","8","1","9.068486","0","8"
"/Game/Realistic_Starter_VFX_Pack_Vol2/Materials/M_Distortion.M_Distortion","0","62","62","1","66.819725","0","62"
"/Game/MSPresets/M_MS_Default_Material_VT/M_MS_Default_Material_VT.M_MS_Default_Material_VT","0","14","14","1","18.264194","0","14"
"/Game/Realistic_Starter_VFX_Pack_Vol2/Materials/M_Dirt_A.M_Dirt_A","0","56","56","1","71.300247","0","56"
"/Game/Realistic_Starter_VFX_Pack_Vol2/Materials/M_Smoke_Wisp.M_Smoke_Wisp","0","56","56","1","66.827789","0","56"
"/Game/Realistic_Starter_VFX_Pack_Vol2/Materials/M_Butterfly.M_Butterfly","0","17","17","1","12.922396","0","17"
"/Game/Realistic_Starter_VFX_Pack_Vol2/Materials/M_WaterDrop.M_WaterDrop","0","71","71","1","89.171173","0","71"
"/Game/Realistic_Starter_VFX_Pack_Vol2/Materials/M_Leaves_A.M_Leaves_A","0","79","85","1","105.287392","0","85"
"/Game/Realistic_Starter_VFX_Pack_Vol2/Materials/M_WaterDrop_A.M_WaterDrop_A","0","71","71","1","77.814934","0","71"
"/Game/MegaMagicVFXBundle/VFX/MagicShieldsVFX/Essentials/Materials/M_CurseWall.M_CurseWall","0","62","62","1","90.875710","0","62"
"/Game/MegaMagicVFXBundle/VFX/MagicShieldsVFX/Essentials/Materials/M_AquaShield.M_AquaShield","0","62","62","1","80.112595","0","62"
"/Game/MegaMagicVFXBundle/VFX/MagicShieldsVFX/Essentials/Materials/M_LightningShield.M_LightningShield","0","62","62","1","0.000000","0","62"
"/Game/MegaMagicVFXBundle/VFX/MagicShieldsVFX/Essentials/Materials/M_CurseShield.M_CurseShield","0","62","62","1","80.173668","0","62"
"/Game/MegaMagicVFXBundle/VFX/MagicShieldsVFX/Essentials/Materials/M_AquaWall.M_AquaWall","0","62","62","1","80.754128","0","62"
"/Game/Realistic_Starter_VFX_Pack_Vol2/Materials/M_Smoke_Puff_A.M_Smoke_Puff_A","0","56","56","1","67.001396","0","56"
"/Game/Realistic_Starter_VFX_Pack_Vol2/Materials/M_Explosion_B.M_Explosion_B","0","56","56","1","74.243835","0","56"
"/Game/MegaMagicVFXBundle/VFX/MagicShieldsVFX/Essentials/Materials/M_LightningWall.M_LightningWall","0","62","62","1","0.000000","0","62"
"/Game/Realistic_Starter_VFX_Pack_Vol2/Materials/M_Smoke_Ground.M_Smoke_Ground","0","56","56","1","63.775143","0","56"
"/Game/Realistic_Starter_VFX_Pack_Vol2/Materials/M_Smoke_A.M_Smoke_A","0","74","74","1","19.510149","0","74"
"/Game/Realistic_Starter_VFX_Pack_Vol2/Materials/M_Smoke_C.M_Smoke_C","0","56","56","1","65.957954","0","56"
"/Game/Realistic_Starter_VFX_Pack_Vol2/Materials/M_Paper.M_Paper","0","56","56","1","62.892735","0","56"
"/Game/Realistic_Starter_VFX_Pack_Vol2/Materials/M_Glass.M_Glass","0","56","56","1","0.000000","0","56"
"/Game/Realistic_Starter_VFX_Pack_Vol2/Materials/M_Dirt_B.M_Dirt_B","0","56","56","1","0.000000","0","56"
"/Game/Realistic_Starter_VFX_Pack_Vol2/Materials/M_WaterDrop_B.M_WaterDrop_B","0","71","0","1","0.000000","0","0"
"/Game/Realistic_Starter_VFX_Pack_Vol2/Materials/M_Explosion_E.M_Explosion_E","0","11","11","1","6.271153","0","11"
"/Game/MegaMagicVFXBundle/VFX/MagicShieldsVFX/Essentials/Materials/M_EnergyWall.M_EnergyWall","0","62","0","1","0.000000","0","0"
"/Game/MegaMagicVFXBundle/VFX/MagicShieldsVFX/Essentials/Materials/M_EnergyShield.M_EnergyShield","0","62","0","1","0.000000","0","0"
"/Game/MegaMagicVFXBundle/VFX/MagicShieldsVFX/Essentials/Materials/M_ArcaneWall.M_ArcaneWall","0","62","0","1","0.000000","0","0"
"/Game/MegaMagicVFXBundle/VFX/MagicShieldsVFX/Essentials/Materials/M_TranslucentWall.M_TranslucentWall","0","68","68","1","106.960785","0","68"
"/Game/Realistic_Starter_VFX_Pack_Vol2/Materials/M_Heat_Distortion.M_Heat_Distortion","0","23","0","1","0.000000","0","0"
"/Game/Realistic_Starter_VFX_Pack_Vol2/Materials/M_Spark_A.M_Spark_A","0","11","0","1","0.000000","0","0"
"/Game/Realistic_Starter_VFX_Pack_Vol2/Materials/M_Fire_C.M_Fire_C","0","11","11","1","12.379367","0","11"
"/Game/Realistic_Starter_VFX_Pack_Vol2/Materials/M_Explosion_G.M_Explosion_G","0","74","0","1","0.000000","0","0"
"/Game/Realistic_Starter_VFX_Pack_Vol2/Materials/M_Explosion_D.M_Explosion_D","0","74","0","1","0.000000","0","0"
"/Game/MegaMagicVFXBundle/VFX/MagicShieldsVFX/Essentials/Materials/M_TranslucentShield.M_TranslucentShield","0","68","68","1","91.540939","0","68"
"/Game/Realistic_Starter_VFX_Pack_Vol2/Materials/M_Lightning_small.M_Lightning_small","0","11","11","1","6.311423","0","11"
"/Game/Realistic_Starter_VFX_Pack_Vol2/Materials/M_Impact_B.M_Impact_B","0","11","0","1","0.000000","0","0"
"/Game/Realistic_Starter_VFX_Pack_Vol2/Materials/M_Glow_D.M_Glow_D","0","11","0","1","0.000000","0","0"
"/Game/Realistic_Starter_VFX_Pack_Vol2/Materials/M_Fire_B.M_Fire_B","0","11","11","1","6.016588","0","11"
"/Game/Realistic_Starter_VFX_Pack_Vol2/Materials/M_Flies.M_Flies","0","56","56","1","71.261086","0","56"
"/Game/Realistic_Starter_VFX_Pack_Vol2/Materials/M_Explosion_i.M_Explosion_I","0","74","0","1","0.000000","0","0"
"/Game/Realistic_Starter_VFX_Pack_Vol2/Materials/M_Rock_B.M_Rock_B","0","92","92","1","116.639687","0","92"
"/Game/Realistic_Starter_VFX_Pack_Vol2/Materials/M_Wood.M_Wood","0","92","92","1","0.000000","0","92"
"/Game/Realistic_Starter_VFX_Pack_Vol2/Materials/M_spark_C.M_Spark_C","0","11","11","1","5.876144","0","11"
"/Game/MegaMagicVFXBundle/VFX/MagicShieldsVFX/Essentials/Materials/M_WindShield.M_WindShield","0","62","0","1","0.000000","0","0"
"/Game/MegaMagicVFXBundle/VFX/MagicShieldsVFX/Essentials/Materials/M_EarthShield.M_EarthShield","0","62","0","1","0.000000","0","0"
"/Game/MegaMagicVFXBundle/VFX/MagicShieldsVFX/Essentials/Materials/M_NatureShield.M_NatureShield","0","62","62","1","84.092445","0","62"
"/Game/MegaMagicVFXBundle/VFX/MagicShieldsVFX/Essentials/Materials/M_ArcaneShield.M_ArcaneShield","0","62","62","1","0.000000","0","62"
"/Game/MegaMagicVFXBundle/VFX/MagicShieldsVFX/Essentials/Materials/M_WindWall.M_WindWall","0","62","0","1","0.000000","0","0"
"/Game/Realistic_Starter_VFX_Pack_Vol2/Materials/M_Mud.M_Mud","49","58","62","1","96.932236","0","62"
"/Game/Realistic_Starter_VFX_Pack_Vol2/Materials/M_Derbis.M_Derbis","49","26","26","1","14.438747","0","26"
"/Game/Realistic_Starter_VFX_Pack_Vol2/Materials/M_Basic_Shape.M_Basic_Shape","49","46","46","1","33.133148","0","46"
"/Game/Realistic_Starter_VFX_Pack_Vol2/DemoRoom/Materials/M_DemoWall.M_DemoWall","49","56","59","1","42.326973","0","59"
"/Game/MegaMagicVFXBundle/VFX/MagicShieldsVFX/Essentials/Materials/M_Bubbles.M_Bubbles","49","62","62","1","45.459438","0","62"
"/Game/MegaMagicVFXBundle/VFX/MagicalExplosionsVFX/Essentials/Materials/M_MasterSpriteMat.M_MasterSpriteMat","49","62","62","1","41.220413","0","62"
"/Game/MegaMagicVFXBundle/DemoMaps/DemoMapMagicShields/MaterialsandTextures/M_DemoMapWall.M_DemoMapWall","49","14","14","1","10.296041","0","14"
"/Game/Materials/WallMaterial.WallMaterial","49","17","18","1","14.278461","0","18"
"/Game/Materials/TextMaterial.TextMaterial","49","17","18","1","16.485489","0","18"
"/Game/Materials/standardSurface1.standardSurface1","49","14","14","1","9.769175","0","14"
"/Game/Materials/SmallBlockMaterial.SmallBlockMaterial","49","14","14","1","10.083382","0","14"
"/Game/Materials/Mat_OutlineEnemyBullet.Mat_OutlineEnemyBullet","49","19","21","1","15.937712","0","21"
"/Game/Materials/Mat_OutlineEnemy.Mat_OutlineEnemy","49","19","21","1","0.000000","0","21"
"/Game/MegaMagicVFXBundle/VFX/MagicAuraVFX/Essentials/Materials/M_Ribbon.M_Ribbon","49","38","38","1","29.246580","0","38"
"/Game/Materials/Mat_OutlineCheckpoint.Mat_OutlineCheckpoint","49","19","21","1","0.000000","0","21"
"/Game/Materials/Mat_Outline.Mat_Outline","49","19","21","1","0.000000","0","21"
"/Game/Materials/LightWall.LightWall","49","14","14","1","12.079133","0","14"
"/Game/Materials/LED_red.LED_red","49","14","14","1","11.553281","0","14"
"/Game/Materials/BoxMaterial.BoxMaterial","49","17","18","1","14.872376","0","18"
"/Game/Materials/Blue_LED.Blue_LED","49","14","14","1","11.028842","0","14"
"/Game/Materials/BlockMaterial.BlockMaterial","49","14","14","1","10.988942","0","14"
"/Game/Materials/blackhole_mat.blackhole_mat","49","17","18","1","15.126349","0","18"
"/Game/ImportedAssets/terminal-02/source/lambert1.lambert1","49","14","14","1","0.000000","0","14"
"/Game/ImportedAssets/fantasy-wooden-bridge/source/wood1.wood1","49","14","14","1","0.000000","0","14"
"/Game/ImportedAssets/Rede_Pesca/RedeMaterial.RedeMaterial","49","14","14","1","0.000000","0","14"
"/Game/ImportedAssets/Rede_Pesca/Madeira.Madeira","49","14","14","1","0.000000","0","14"
"/Game/ImportedAssets/fantasy-wooden-bridge/source/woodTop.woodTop","49","14","14","1","0.000000","0","14"
"/Game/ImportedAssets/fantasy-wooden-bridge/source/visse.visse","49","14","14","1","0.000000","0","14"
"/Game/ImportedAssets/fantasy-wooden-bridge/source/rope.rope","49","14","14","1","0.000000","0","14"
"/Game/ImportedAssets/Drone/Material__5.Material__5","49","14","14","1","0.000000","0","14"
"/Game/ImportedAssets/Drone/Material__4.Material__4","49","14","14","1","0.000000","0","14"
"/Game/ImportedAssets/stasis-grenade/source/lambert1.lambert1","49","14","14","1","0.000000","0","14"
"/Game/ImportedAssets/spin-blade-devastator-mark-1/source/FrontColor.FrontColor","49","14","14","1","0.000000","0","14"
"/Game/ImportedAssets/sci-fi-crate-1/source/Default.Default","49","14","14","1","0.000000","0","14"
"/Game/FXVarietyPack/Materials/M_ky_empty.M_ky_empty","49","14","14","1","7.035951","0","14"
"/Game/Assets/Walls/standardSurface1.standardSurface1","49","31","31","1","62.081829","0","31"
"/Game/FXVarietyPack/EpicContent/Materials/M_DemoWall.M_DemoWall","49","71","75","1","8.160274","0","75"
"/Game/Assets/Walls/Default_Material.Default_Material","49","14","14","1","0.000000","0","14"
"/Game/Assets/LevelAssets/Cliff/standardSurface1.standardSurface1","49","14","14","1","0.000000","0","14"
"/Game/Assets/LevelAssets/Cliff/lambert3.lambert3","49","14","14","1","0.000000","0","14"
"/Game/Assets/LevelAssets/lambert2.lambert2","49","14","14","1","0.000000","0","14"
"/Game/Assets/Items_Objects/standardSurface1.standardSurface1","49","14","14","1","0.000000","0","14"
"/Game/Assets/HeroAssets/standardSurface1.standardSurface1","49","14","14","1","0.000000","0","14"
"/Game/Assets/Grapple_gun/standardSurface1.standardSurface1","49","14","14","1","0.000000","0","14"
"/Game/Assets/Enemies/standardSurface1.standardSurface1","49","14","14","1","0.000000","0","14"
"/Game/Assets/standardSurface1.standardSurface1","49","14","14","1","0.000000","0","14"
"/Niagara/DefaultAssets/DefaultSpriteMaterial.DefaultSpriteMaterial","49","32","37","1","20.298464","0","37"
"/Game/FXVarietyPack/EpicContent/Materials/M_LightTube.M_LightTube","49","4","4","1","3.332845","0","4"
"/Game/Realistic_Starter_VFX_Pack_Vol2/DemoRoom/Materials/DefaultTextMaterialTranslucentUnlit.DefaultTextMaterialTranslucentUnlit","49","22","22","1","21.658836","0","22"
"/Game/FXVarietyPack/EpicContent/Materials/M_DefaultTextMaterialTranslucentUnlit.M_DefaultTextMaterialTranslucentUnlit","49","102","102","1","55.627224","0","102"
"/Game/Realistic_Starter_VFX_Pack_Vol2/Materials/M_Smoke_Ground_C.M_Smoke_Ground_C","49","56","56","1","41.679356","0","56"
"/Game/Realistic_Starter_VFX_Pack_Vol2/Materials/M_Bubble_B.M_Bubble_B","49","11","11","1","5.997577","0","11"
"/Game/Realistic_Starter_VFX_Pack_Vol2/Materials/M_Water_Splat.M_Water_Splat","49","11","11","1","3.383814","0","11"
"/Game/Realistic_Starter_VFX_Pack_Vol2/Materials/M_Slash.M_Slash","49","11","11","1","3.649823","0","11"
"/Game/Realistic_Starter_VFX_Pack_Vol2/Materials/M_Splat_A.M_Splat_A","49","11","11","1","0.000000","0","11"
"/Game/Realistic_Starter_VFX_Pack_Vol2/Materials/M_Blood_C.M_Blood_C","49","27","27","1","13.584916","0","27"
"/Game/Realistic_Starter_VFX_Pack_Vol2/Materials/M_Glow_C.M_Glow_C","49","14","14","1","7.839992","0","14"
"/Game/Realistic_Starter_VFX_Pack_Vol2/Materials/M_Smoke_Wisp.M_Smoke_Wisp","49","56","56","1","39.175777","0","56"
"/Game/Realistic_Starter_VFX_Pack_Vol2/Materials/M_Smoke_Puff_A.M_Smoke_Puff_A","49","56","56","1","41.977871","0","56"
"/Game/Realistic_Starter_VFX_Pack_Vol2/Materials/M_Smoke_Ground.M_Smoke_Ground","49","56","56","1","34.212002","0","56"
"/Game/Realistic_Starter_VFX_Pack_Vol2/Materials/M_Smoke_Ground_B.M_Smoke_Ground_B","49","56","56","1","0.000000","0","56"
"/Game/Realistic_Starter_VFX_Pack_Vol2/Materials/M_Smoke_A.M_Smoke_A","49","74","74","1","9.988340","0","74"
"/Game/Realistic_Starter_VFX_Pack_Vol2/Materials/M_Smoke_C.M_Smoke_C","49","56","56","1","42.629704","0","56"
"/Game/Realistic_Starter_VFX_Pack_Vol2/Materials/M_Paper.M_Paper","49","56","56","1","41.207817","0","56"
"/Game/Realistic_Starter_VFX_Pack_Vol2/Materials/M_WaterDrop_B.M_WaterDrop_B","49","71","71","1","55.594246","0","0"
"/Game/Realistic_Starter_VFX_Pack_Vol2/Materials/M_Heat_Distortion.M_Heat_Distortion","49","23","23","1","12.798028","0","0"
"/Game/Realistic_Starter_VFX_Pack_Vol2/Materials/M_Wood.M_Wood","49","92","92","1","58.008274","0","92"
"/Game/Realistic_Starter_VFX_Pack_Vol2/Materials/M_Lightning_small.M_Lightning_small","49","11","11","1","3.174512","0","11"
"/Game/Realistic_Starter_VFX_Pack_Vol2/Materials/M_Impact_B.M_Impact_B","49","11","11","1","4.468753","0","0"
"/Game/Realistic_Starter_VFX_Pack_Vol2/Materials/M_Impact_C.M_Impact_C","49","11","11","1","0.000000","0","11"
"/Game/Realistic_Starter_VFX_Pack_Vol2/Materials/M_Glass.M_Glass","49","56","56","1","0.000000","0","56"
"/Game/Realistic_Starter_VFX_Pack_Vol2/Materials/M_Glow_D.M_Glow_D","49","11","11","1","2.955986","0","0"
"/Game/Realistic_Starter_VFX_Pack_Vol2/Materials/M_spark_C.M_Spark_C","49","11","11","1","3.690122","0","11"
"/Game/Realistic_Starter_VFX_Pack_Vol2/Materials/M_Spark_A.M_Spark_A","49","11","11","1","3.043798","0","0"
"/Game/Realistic_Starter_VFX_Pack_Vol2/Materials/M_Fire_B.M_Fire_B","49","11","11","1","3.683546","0","11"
"/Game/Realistic_Starter_VFX_Pack_Vol2/Materials/M_Fire_C.M_Fire_C","49","11","11","1","7.534378","0","11"
"/Game/Realistic_Starter_VFX_Pack_Vol2/Materials/M_Flies.M_Flies","49","56","56","1","44.037560","0","56"
"/Game/Realistic_Starter_VFX_Pack_Vol2/Materials/M_Explosion_E.M_Explosion_E","49","11","11","1","3.562133","0","11"
"/Game/Realistic_Starter_VFX_Pack_Vol2/Materials/M_Explosion_i.M_Explosion_I","49","74","74","1","57.326279","0","0"
"/Game/MegaMagicVFXBundle/VFX/MagicShieldsVFX/Essentials/Materials/M_ArcaneShield.M_ArcaneShield","49","62","62","1","54.441158","0","62"
"/Game/MegaMagicVFXBundle/VFX/MagicShieldsVFX/Essentials/Materials/M_WindWall.M_WindWall","49","62","62","1","55.210197","0","0"
"/Game/MegaMagicVFXBundle/VFX/MagicShieldsVFX/Essentials/Materials/M_WindShield.M_WindShield","49","62","62","1","61.206894","0","0"
"/Game/MegaMagicVFXBundle/VFX/MagicShieldsVFX/Essentials/Materials/M_TranslucentWall.M_TranslucentWall","49","68","68","1","58.827282","0","68"
"/Game/MegaMagicVFXBundle/VFX/MagicShieldsVFX/Essentials/Materials/M_TranslucentShield.M_TranslucentShield","49","68","68","1","49.928009","0","68"
"/Game/MegaMagicVFXBundle/VFX/MagicShieldsVFX/Essentials/Materials/M_LightningWall.M_LightningWall","49","62","62","1","52.781876","0","62"
"/Game/Realistic_Starter_VFX_Pack_Vol2/Materials/M_Explosion_G.M_Explosion_G","49","74","74","1","45.395004","0","0"
"/Game/Realistic_Starter_VFX_Pack_Vol2/Materials/M_Explosion_D.M_Explosion_D","49","74","74","1","46.179031","0","0"
"/Game/Realistic_Starter_VFX_Pack_Vol2/Materials/M_Explosion_B.M_Explosion_B","49","56","56","1","41.853283","0","56"
"/Game/Realistic_Starter_VFX_Pack_Vol2/Materials/M_WaterDrop_A.M_WaterDrop_A","49","71","71","1","51.635078","0","71"
"/Game/Realistic_Starter_VFX_Pack_Vol2/Materials/M_Impact_A.M_Impact_A","49","11","11","1","0.000000","0","11"
"/Game/Realistic_Starter_VFX_Pack_Vol2/Materials/M_Dirt_B.M_Dirt_B","49","56","56","1","0.000000","0","56"
"/Game/Realistic_Starter_VFX_Pack_Vol2/Materials/M_Dandelion.M_Dandelion","49","11","11","1","0.000000","0","11"
"/Game/Realistic_Starter_VFX_Pack_Vol2/Materials/M_Butterfly.M_Butterfly","49","17","17","1","6.237675","0","17"
"/Game/Realistic_Starter_VFX_Pack_Vol2/Materials/M_Bubble_pop.M_Bubble_Pop","49","11","11","1","0.000000","0","11"
"/Game/Realistic_Starter_VFX_Pack_Vol2/Materials/M_WaterDrop.M_WaterDrop","49","71","71","1","51.072620","0","71"
"/Game/Realistic_Starter_VFX_Pack_Vol2/Materials/M_Bubble.M_Bubble","49","11","11","1","0.000000","0","11"
"/Game/MegaMagicVFXBundle/VFX/MagicShieldsVFX/Essentials/Materials/M_EnergyWall.M_EnergyWall","49","62","62","1","60.199051","0","0"
"/Game/MegaMagicVFXBundle/VFX/MagicShieldsVFX/Essentials/Materials/M_EnergyShield.M_EnergyShield","49","62","62","1","96.363045","0","0"
"/Game/MegaMagicVFXBundle/VFX/MagicShieldsVFX/Essentials/Materials/M_NatureShield.M_NatureShield","49","62","62","1","0.000000","0","62"
"/Game/MegaMagicVFXBundle/VFX/MagicShieldsVFX/Essentials/Materials/M_ArcaneWall.M_ArcaneWall","49","62","62","1","65.622093","0","0"
"/Game/Realistic_Starter_VFX_Pack_Vol2/Materials/M_Rock_B.M_Rock_B","49","92","92","1","0.000000","0","92"
"/Game/MegaMagicVFXBundle/VFX/MagicShieldsVFX/Essentials/Materials/M_LightningShield.M_LightningShield","49","62","62","1","58.795734","0","62"
"/Game/MegaMagicVFXBundle/VFX/MagicShieldsVFX/Essentials/Materials/M_CurseShield.M_CurseShield","49","62","62","1","48.363873","0","62"
"/Game/MegaMagicVFXBundle/VFX/MagicShieldsVFX/Essentials/Materials/M_FlameWall.M_FlameWall","49","62","62","1","46.015949","0","62"
"/Game/MegaMagicVFXBundle/VFX/MagicShieldsVFX/Essentials/Materials/M_FlameShield.M_FlameShield","49","62","62","1","40.147297","0","62"
"/Game/MegaMagicVFXBundle/VFX/MagicShieldsVFX/Essentials/Materials/M_CurseWall.M_CurseWall","49","62","62","1","37.486252","0","62"
"/Game/MegaMagicVFXBundle/VFX/MagicalExplosionsVFX/Essentials/Materials/M_SmokeSubUV.M_SmokeSubUV","49","74","74","1","41.876003","0","74"
"/Game/MegaMagicVFXBundle/VFX/MagicShieldsVFX/Essentials/Materials/M_AquaShield.M_AquaShield","49","62","62","1","0.000000","0","62"
"/Game/MegaMagicVFXBundle/VFX/MagicAuraVFX/Essentials/Materials/M_Flames.M_Flames","49","12","12","1","6.822833","0","12"
"/Game/MegaMagicVFXBundle/VFX/MagicalExplosionsVFX/Essentials/Materials/M_Flames.M_Flames","49","12","12","1","6.093658","0","12"
"/Game/MegaMagicVFXBundle/VFX/MagicShieldsVFX/Essentials/Materials/M_Fire_SubUV.M_Fire_SubUV","49","14","14","1","16.880440","0","14"
"/Game/MegaMagicVFXBundle/VFX/MagicShieldsVFX/Essentials/Materials/M_AquaWall.M_AquaWall","49","62","62","1","0.000000","0","62"
"/Game/MegaMagicVFXBundle/VFX/MagicalExplosionsVFX/Essentials/Materials/M_Rock.M_Rock","49","26","26","1","19.438557","0","26"
"/Game/MegaMagicVFXBundle/VFX/MagicAuraVFX/Essentials/Materials/M_Meteor.M_Meteor","49","26","26","1","19.146202","0","26"
"/Game/MegaMagicVFXBundle/VFX/MagicShieldsVFX/Essentials/Materials/M_EarthShield.M_EarthShield","49","62","62","1","39.099022","0","0"
"/Game/MegaMagicVFXBundle/VFX/MagicalExplosionsVFX/Essentials/Materials/M_GroundCracks.M_GroundCracks","49","42","42","1","27.926281","0","42"
"/Game/MegaMagicVFXBundle/VFX/MagicalExplosionsVFX/Essentials/Materials/M_CircleSoft.M_CircleSoft","49","38","38","1","22.294601","0","38"
"/Game/MegaMagicVFXBundle/VFX/MagicalExplosionsVFX/Essentials/Materials/M_CircleHard.M_CircleHard","49","42","42","1","23.265244","0","42"
"/Game/MegaMagicVFXBundle/VFX/MagicalExplosionsVFX/Essentials/Materials/M_Meteor.M_Meteor","49","26","26","1","17.372389","0","26"
"/Game/ImportedAssets/terminal-02/textures/Terminal_002_Normal_tga_Mat.Terminal_002_Normal_tga_Mat","49","14","14","1","9.121418","0","14"
"/Game/ImportedAssets/terminal-02/textures/Terminal_002_Metallic_and_roughness_tga_Mat.Terminal_002_Metallic_and_roughness_tga_Mat","49","14","14","1","8.272877","0","14"
"/Game/ImportedAssets/terminal-02/textures/Terminal_002_Emissive_tga_Mat.Terminal_002_Emissive_tga_Mat","49","14","14","1","0.000000","0","14"
"/Game/ImportedAssets/terminal-02/textures/Terminal_002_Base_Color_tga_Mat.Terminal_002_Base_Color_tga_Mat","49","14","14","1","0.000000","0","14"
"/Game/ImportedAssets/terminal-02/textures/Terminal_002_AO_tga_Mat.Terminal_002_AO_tga_Mat","49","14","14","1","0.000000","0","14"
"/Game/ImportedAssets/stasis-grenade/textures/grenadeS_Normal_tga_Mat.grenadeS_Normal_tga_Mat","49","14","14","1","0.000000","0","14"
"/Game/ImportedAssets/stasis-grenade/textures/grenadeS_Metallic_roughness_tga_Mat.grenadeS_Metallic_roughness_tga_Mat","49","14","14","1","0.000000","0","14"
"/Game/ImportedAssets/stasis-grenade/textures/grenadeS_Emissive_tga_Mat.grenadeS_Emissive_tga_Mat","49","14","14","1","0.000000","0","14"
"/Game/ImportedAssets/stasis-grenade/textures/grenadeS_Base_Color_tga_Mat.grenadeS_Base_Color_tga_Mat","49","14","14","1","0.000000","0","14"
"/Game/ImportedAssets/stasis-grenade/textures/grenadeS_AO_tga_Mat.grenadeS_AO_tga_Mat","49","14","14","1","0.000000","0","14"
"/Game/ImportedAssets/SpaceShip/spaceship/textures/sp_1_color_Mat.sp_1_color_Mat","49","14","14","1","0.000000","0","14"
"/Game/ImportedAssets/sci-fi-crate-1/textures/TestBox1_W1_bake_Roughness_Mat.TestBox1_W1_bake_Roughness_Mat","49","14","14","1","0.000000","0","14"
"/Game/ImportedAssets/sci-fi-crate-1/textures/TestBox1_W1_bake_Normal_Mat.TestBox1_W1_bake_Normal_Mat","49","14","14","1","0.000000","0","14"
"/Game/ImportedAssets/sci-fi-crate-1/textures/TestBox1_W1_bake_Metallic_Mat.TestBox1_W1_bake_Metallic_Mat","49","14","14","1","0.000000","0","14"
"/Game/ImportedAssets/sci-fi-crate-1/textures/TestBox1_W1_bake_BaseColor_Mat.TestBox1_W1_bake_BaseColor_Mat","49","14","14","1","0.000000","0","14"
"/Game/ImportedAssets/Rede_Pesca/RedePesca_Madeira_MetallicSmoothness_Mat.RedePesca_Madeira_MetallicSmoothness_Mat","49","14","14","1","0.000000","0","14"
"/Game/ImportedAssets/Rede_Pesca/RedePesca_Madeira_AlbedoTransparency_Mat.RedePesca_Madeira_AlbedoTransparency_Mat","49","14","14","1","8.957314","0","14"
"/Game/ImportedAssets/low-poly-scarecrow/textures/low_poly_scarecrow_DefaultMaterial_transpa_Mat.low_poly_scarecrow_DefaultMaterial_transpa_Mat","49","14","14","1","0.000000","0","14"
"/Game/ImportedAssets/low-poly-scarecrow/textures/low_poly_scarecrow_DefaultMaterial_specexp_Mat.low_poly_scarecrow_DefaultMaterial_specexp_Mat","49","14","14","1","0.000000","0","14"
"/Game/ImportedAssets/low-poly-scarecrow/textures/low_poly_scarecrow_DefaultMaterial_normal_Mat.low_poly_scarecrow_DefaultMaterial_normal_Mat","49","14","14","1","0.000000","0","14"
"/Game/ImportedAssets/low-poly-scarecrow/textures/low_poly_scarecrow_DefaultMaterial_metalne_Mat.low_poly_scarecrow_DefaultMaterial_metalne_Mat","49","14","14","1","0.000000","0","14"
"/Game/ImportedAssets/low-poly-scarecrow/textures/low_poly_scarecrow_DefaultMaterial_color_Mat.low_poly_scarecrow_DefaultMaterial_color_Mat","49","14","14","1","0.000000","0","14"
"/Game/ImportedAssets/fantasy-wooden-bridge/textures/NormalMap_30__Mat.NormalMap_30__Mat","49","14","14","1","0.000000","0","14"
"/Game/FXVarietyPack/Materials/M_ky_vortex04_4x4.M_ky_vortex04_4x4","49","36","36","2","9.805717","0","36"
"/Game/FXVarietyPack/Materials/M_ky_flare_flash.M_ky_flare_flash","49","28","28","2","10.959440","0","28"
"/Game/FXVarietyPack/Materials/M_ky_flare01_primitive.M_ky_flare01_primitive","49","34","34","2","12.068717","0","68"
"/Game/ImportedAssets/fantasy-wooden-bridge/textures/rope_by_samdrewpictures-d5zj5l7_Mat.rope_by_samdrewpictures-d5zj5l7_Mat","49","14","14","1","0.000000","0","14"
"/Game/ImportedAssets/fantasy-wooden-bridge/textures/NormalMap_31__Mat.NormalMap_31__Mat","49","14","14","1","0.000000","0","14"
"/Game/ImportedAssets/fantasy-wooden-bridge/textures/f5ea8fafb6585da6496439e72efa080f973dc257ea_Mat.f5ea8fafb6585da6496439e72efa080f973dc257ea_Mat","49","14","14","1","0.000000","0","14"
"/Game/ImportedAssets/fantasy-wooden-bridge/textures/d8e20cb4977320b0cbe89576798e6e82_Mat.d8e20cb4977320b0cbe89576798e6e82_Mat","49","14","14","1","0.000000","0","14"
"/Game/ImportedAssets/fantasy-wooden-bridge/textures/annabelle-macfarlane-smoothwood-seamless_Mat.annabelle-macfarlane-smoothwood-seamless_Mat","49","14","14","1","0.000000","0","14"
"/Game/ImportedAssets/Drone/drone_r_Mat.drone_r_Mat","49","14","14","1","0.000000","0","14"
"/Game/ImportedAssets/Drone/drone_opac_Mat.drone_opac_Mat","49","14","14","1","0.000000","0","14"
"/Game/ImportedAssets/Drone/drone_n_Mat.drone_n_Mat","49","14","14","1","0.000000","0","14"
"/Game/ImportedAssets/Drone/drone_m_Mat.drone_m_Mat","49","14","14","1","0.000000","0","14"
"/Game/ImportedAssets/Drone/drone_e_Mat.drone_e_Mat","49","14","14","1","0.000000","0","14"
"/Game/ImportedAssets/Drone/drone_d_Mat.drone_d_Mat","49","14","14","1","0.000000","0","14"
"/Game/ImportedAssets/Drone/drone_ao_Mat.drone_ao_Mat","49","14","14","1","0.000000","0","14"
"/Game/FXVarietyPack/Materials/M_ky_base.M_ky_base","49","28","28","2","13.157504","0","28"
"/Game/FXVarietyPack/Materials/M_ky_flarePillar.M_ky_flarePillar","49","22","22","1","8.745700","0","22"
"/Game/FXVarietyPack/EpicContent/Materials/M_Glass.M_Glass","49","29","29","1","18.680311","22","29"
"/Game/FXVarietyPack/EpicContent/Materials/M_DemoRoomTiles.M_DemoRoomTiles","49","26","27","1","18.246536","0","27"
"/Game/Assets/Walls/BasicPlainWall/standardSurface1.standardSurface1","49","14","14","1","8.926528","0","14"
"/Game/FXVarietyPack/Materials/M_ky_thunderForBeam.M_ky_thunderForBeam","49","14","14","1","5.565537","0","14"
"/Game/FXVarietyPack/Materials/M_ky_circle01_4x4G_nonD.M_ky_circle01_4x4G_nonD","49","14","14","1","5.729837","0","14"
"/Game/FXVarietyPack/Materials/M_ky_chantDecoA.M_ky_chantDecoA","49","22","22","1","8.832757","0","22"
"/Game/FXVarietyPack/Materials/M_ky_subUV_dynRGB.M_ky_subUV_dynRGB","49","14","14","1","5.642478","0","14"
"/Game/FXVarietyPack/Materials/M_ky_subUV03.M_ky_subUV03","49","14","14","1","5.758738","0","14"
"/Game/FXVarietyPack/Materials/M_ky_subUV01.M_ky_subUV01","49","22","22","1","8.919366","0","22"
"/Game/FXVarietyPack/Materials/M_ky_Fresnel.M_ky_Fresnel","49","22","22","1","8.373850","0","22"
"/Game/FXVarietyPack/Materials/M_ky_base_anime.M_ky_base_anime","49","28","28","2","11.246185","0","28"
"/Game/FXVarietyPack/EpicContent/Materials/M_DemoWallPattern.M_DemoWallPattern","49","69","69","3","51.473709","0","69"
"/Game/Assets/Walls/SimpleFloorFourBlock/BasicFloorFourSquares_standardSurface1_OcclusionRoughnessMetallic_Mat.BasicFloorFourSquares_standardSurface1_OcclusionRoughnessMetallic_Mat","49","14","14","1","0.000000","0","14"
"/Game/Assets/Walls/SimpleFloorFourBlock/BasicFloorFourSquares_standardSurface1_Normal_Mat.BasicFloorFourSquares_standardSurface1_Normal_Mat","49","14","14","1","0.000000","0","14"
"/Game/Assets/Walls/SimpleFloorFourBlock/BasicFloorFourSquares_standardSurface1_Emissive_Mat.BasicFloorFourSquares_standardSurface1_Emissive_Mat","49","14","14","1","0.000000","0","14"
"/Game/Assets/Walls/SimpleFloorFourBlock/standardSurface1.standardSurface1","49","14","14","1","0.000000","0","14"
"/Game/Assets/Walls/SimpleFloorFourBlock/BasicFloorFourSquares_standardSurface1_BaseColor_Mat.BasicFloorFourSquares_standardSurface1_BaseColor_Mat","49","14","14","1","8.231064","0","14"
"/Game/Assets/Enemies/EnemyTurret/standardSurface1.standardSurface1","49","14","14","1","0.000000","0","14"
"/Game/Realistic_Starter_VFX_Pack_Vol2/Materials/M_Leaves_A.M_Leaves_A","49","85","91","1","67.165344","0","91"
"/Game/Realistic_Starter_VFX_Pack_Vol2/Materials/M_Fire_Splat.M_Fire_Splat","49","11","11","1","6.159503","0","11"
"/Game/Realistic_Starter_VFX_Pack_Vol2/Materials/M_Dirt_A.M_Dirt_A","49","56","56","1","45.465328","0","56"
"/Game/Realistic_Starter_VFX_Pack_Vol2/Materials/M_Distortion.M_Distortion","49","62","62","1","44.256519","0","62"
"/Game/MSPresets/M_MS_Imperfection_Material_VT/M_MS_Imperfection_Material_Var_VT.M_MS_Imperfection_Material_Var_VT","49","14","14","1","15.141281","0","14"
"/Game/MSPresets/M_MS_Imperfection_Material/M_MS_Imperfection_Material_Var.M_MS_Imperfection_Material_Var","49","14","14","1","45.092609","0","14"
"/Game/MSPresets/M_MS_Default_Material_VT/M_MS_Default_Material_VT.M_MS_Default_Material_VT","49","14","14","1","13.277616","0","14"
"/Game/MSPresets/M_MS_Default_Material/M_MS_Default_Material.M_MS_Default_Material","49","14","14","1","12.352162","0","14"
"/Game/MegaMagicVFXBundle/VFX/MagicAuraVFX/Essentials/Materials/M_Shield.M_Shield","49","8","8","1","5.575082","0","8"
"/Game/FXVarietyPack/Materials/M_ky_auraWall02.M_ky_auraWall02","49","36","36","2","16.924244","0","36"
"/Game/FXVarietyPack/Materials/M_ky_stone02.M_ky_stone02","49","53","59","1","31.986254","0","59"
"/Game/FXVarietyPack/Materials/M_ky_dust01_4x4.M_ky_dust01_4x4","49","11","11","1","5.361830","0","11"
"/Game/FXVarietyPack/Materials/M_ky_aura9.M_ky_aura9","49","44","44","2","22.108770","0","44"
"/Game/FXVarietyPack/Materials/M_ky_stormDeco01.M_ky_stormDeco01","49","27","27","1","13.817299","0","27"
"/Game/FXVarietyPack/Materials/M_ky_laser01.M_ky_laser01","49","17","17","1","7.830317","0","17"
"/Game/FXVarietyPack/Materials/M_ky_shockWave03_4x4.M_ky_shockWave03_4x4","49","44","44","2","17.076555","0","44"
"/Game/Realistic_Starter_VFX_Pack_Vol2/Materials/M_Glow_B.M_Glow_B","49","11","11","1","6.602704","0","11"
"/Game/MegaMagicVFXBundle/VFX/MagicAuraVFX/Essentials/Materials/M_Stars.M_Stars","49","17","17","1","11.322679","0","17"
"/Game/MegaMagicVFXBundle/VFX/MagicalExplosionsVFX/Essentials/Materials/M_Water.M_Water","49","38","38","1","28.004656","0","38"
"/Game/Realistic_Starter_VFX_Pack_Vol2/Materials/M_Snow.M_Snow","49","11","11","1","5.940562","0","11"
"/Game/Realistic_Starter_VFX_Pack_Vol2/Materials/M_Glow_A.M_Glow_A","49","11","11","1","6.077298","0","11"
"/Game/MegaMagicVFXBundle/VFX/MagicalExplosionsVFX/Essentials/Materials/M_Lightning.M_Lightning","49","38","38","1","0.816388","0","38"
"/Game/FXVarietyPack/Materials/M_ky_polar_primitive.M_ky_polar_primitive","49","14","14","1","7.693063","0","14"
"/Game/FXVarietyPack/Materials/M_ky_waterDust02.M_ky_waterDust02","49","11","11","1","5.861646","0","11"
"/Game/FXVarietyPack/Materials/M_ky_trail_primitive.M_ky_trail_primitive","49","17","17","1","8.026921","0","17"
"/Game/FXVarietyPack/Materials/M_ky_smoke01.M_ky_smoke01","49","22","22","2","11.360058","0","22"
"/Game/FXVarietyPack/Materials/M_ky_primitive_dyn2.M_ky_primitive_dyn2","49","44","44","2","18.722235","0","44"
"/Game/FXVarietyPack/Materials/M_ky_primitive.M_ky_primitive","49","42","47","1","23.650303","0","47"
"/Game/FXVarietyPack/Materials/M_ky_polar.M_ky_polar","49","58","58","3","25.939997","0","58"
"/Game/FXVarietyPack/Materials/M_ky_magicCircle020.M_ky_magicCircle020","49","11","11","1","6.413258","0","11"
"/Game/FXVarietyPack/Materials/M_ky_flareVert.M_ky_flareVert","49","11","11","1","6.220636","0","11"
"/Game/FXVarietyPack/Materials/M_ky_dynDust.M_ky_dynDust","49","17","17","1","8.736266","0","17"
"/Game/FXVarietyPack/Materials/M_ky_base_turbulence.M_ky_base_turbulence","49","17","17","1","8.462631","0","17"
"/Game/Realistic_Starter_VFX_Pack_Vol2/Materials/M_Fish_A.M_Fish_A","49","112","120","1","70.993622","0","120"
"/Game/MSPresets/M_MS_Imperfection_Material_VT/M_MS_Imperfection_Material_VT.M_MS_Imperfection_Material_VT","49","14","14","1","10.447308","0","14"
"/Game/MSPresets/M_MS_Imperfection_Material/M_MS_Imperfection_Material.M_MS_Imperfection_Material","49","14","14","1","1.403961","0","14"
"/Game/Materials/MAT_ForceField.MAT_ForceField","49","7","7","1","5.040250","0","7"
"/Game/FXVarietyPack/Materials/M_ky_storm01.M_ky_storm01","49","88","88","4","40.108067","0","88"
"/Game/MSPresets/M_MS_Foliage_Material/M_MS_Foliage_Material.M_MS_Foliage_Material","49","31","33","1","28.052818","0","33"
"/Game/FXVarietyPack/Materials/M_ky_starDust.M_ky_starDust","49","102","114","3","51.189651","0","114"
"/Game/MSPresets/M_MS_Billboard_Material/M_MS_Billboard_Material.M_MS_Billboard_Material","49","62","66","1","53.423546","0","66"
"/Game/MSPresets/M_MS_Surface_Material/M_MS_Surface_Material.M_MS_Surface_Material","49","14","14","1","11.276527","0","14"
"/Game/MSPresets/M_MS_Surface_Material_VT/M_MS_Surface_Material_VT.M_MS_Surface_Material_VT","49","14","14","1","10.022896","0","14"
"/Game/MSPresets/M_MS_Default_Fuzz_Material/M_MS_Default_Fuzz_Material.M_MS_Default_Fuzz_Material","49","14","14","1","11.238434","0","14"
"/Game/MSPresets/M_MS_Default_Fuzz_Material_VT/M_MS_Default_Fuzz_Material_VT.M_MS_Default_Fuzz_Material_VT","49","14","14","1","10.265441","0","14"
"/Game/MSPresets/M_MS_Default_Transmission_Material_VT/M_MS_Default_Transmission_Material_VT.M_MS_Default_Transmission_Material_VT","49","14","14","1","11.439329","0","14"
"/Game/MSPresets/M_MS_Default_Transmission_Material/M_MS_Default_Transmission_Material.M_MS_Default_Transmission_Material","49","14","14","1","10.341783","0","14"
"/ControlRig/Controls/ControlRigGizmoMaterial.ControlRigGizmoMaterial","49","0","4","1","0.000000","0","0"
"/MeshModelingToolset/Materials/M_DynamicMeshComponentVtxColor.M_DynamicMeshComponentVtxColor","49","0","20","1","0.000000","0","0"
"/Engine/EngineDebugMaterials/DebugEditorMaterial.DebugEditorMaterial","49","0","8","1","0.000000","0","0"
"/Engine/EditorMaterials/PhAT_NoCollisionMaterial.PhAT_NoCollisionMaterial","49","0","5","1","0.000000","0","0"
"/Engine/EditorMaterials/PhAT_UnselectedMaterial.PhAT_UnselectedMaterial","49","0","5","1","0.000000","0","0"
"/Engine/EngineMaterials/GizmoMaterial.GizmoMaterial","49","0","8","1","0.000000","0","0"
"/Engine/EngineDebugMaterials/DebugMeshMaterial.DebugMeshMaterial","49","0","7","1","0.000000","0","0"
"/Engine/EngineMaterials/RemoveSurfaceMaterial.RemoveSurfaceMaterial","49","0","4","1","0.000000","0","0"
"/Engine/EngineMaterials/NaniteHiddenSectionMaterial.NaniteHiddenSectionMaterial","49","0","31","1","0.000000","0","0"
"/Engine/EditorMaterials/Dataflow/DataflowVertexMaterial.DataflowVertexMaterial","49","0","26","1","0.000000","0","0"
"/Engine/BasicShapes/BasicShapeMaterial.BasicShapeMaterial","49","0","96","1","0.000000","0","0"
"/Engine/VREditor/TransformGizmo/TranslucentTransformGizmoMaterial.TranslucentTransformGizmoMaterial","49","0","5","1","0.000000","0","0"
"/ControlRig/Controls/ControlRigXRayMaterial.ControlRigXRayMaterial","49","0","11","1","0.000000","0","0"
"/Engine/EditorLandscapeResources/SplineEditorMeshMat.SplineEditorMeshMat","49","0","17","1","0.000000","0","0"
"/Engine/EngineDebugMaterials/M_SimpleUnlitTranslucent.M_SimpleUnlitTranslucent","49","0","5","1","0.000000","0","0"
"/Engine/EditorMaterials/Camera/CineMat.CineMat","49","0","26","1","0.000000","0","0"
"/Engine/VREditor/TransformGizmo/Xray.Xray","49","0","14","1","0.000000","0","0"
"/Engine/VREditor/TransformGizmo/Main.Main","49","0","5","1","0.000000","0","0"
"/Engine/EngineMaterials/DefaultLightFunctionMaterial.DefaultLightFunctionMaterial","49","0","61","1","0.000000","0","0"
"/Engine/EngineSky/M_SimpleSkyDome.M_SimpleSkyDome","49","0","4","1","0.000000","0","0"
"/Engine/EngineMaterials/PhAT_JointLimitMaterial.PhAT_JointLimitMaterial","49","0","11","1","0.000000","0","0"
"/Engine/EngineMaterials/EmissiveMeshMaterial.EmissiveMeshMaterial","49","0","7","1","0.000000","0","0"
"/Engine/TemplateResources/M_Template_Master.M_Template_Master","49","0","35","1","0.000000","0","0"
"/Engine/EngineMaterials/FlattenMaterial_WS_Normal_VT.FlattenMaterial_WS_Normal_VT","49","0","64","1","0.000000","0","0"
"/Engine/EngineMaterials/FlattenMaterial_VT.FlattenMaterial_VT","49","0","64","1","0.000000","0","0"
"/Engine/EngineMaterials/FlattenMaterial.FlattenMaterial","49","0","64","1","0.000000","0","0"
"/Engine/EngineMaterials/M_InvalidLightmapSettings.M_InvalidLightmapSettings","49","0","28","1","0.000000","0","0"
"/Paper2D/DefaultSpriteMaterial.DefaultSpriteMaterial","49","0","54","2","0.000000","0","0"
"/ControlRig/M_Manip.M_Manip","49","0","11","1","0.000000","0","0"
"/Engine/EngineDebugMaterials/M_VolumeRenderSphereTracePP.M_VolumeRenderSphereTracePP","49","0","5","1","0.000000","0","0"
"/Engine/VREditor/TransformGizmo/TransformGizmoMaterial.TransformGizmoMaterial","49","0","4","1","0.000000","0","0"
"/Engine/EngineMaterials/Widget3DPassThrough.Widget3DPassThrough","49","0","66","6","0.000000","0","5"
"/Engine/EngineMaterials/DefaultDeferredDecalMaterial.DefaultDeferredDecalMaterial","49","0","87","1","0.000000","0","0"
"/Engine/EngineMaterials/DefaultMaterial.DefaultMaterial","49","0","127","1","0.000000","0","0"
"/Engine/EngineMaterials/DefaultPostProcessMaterial.DefaultPostProcessMaterial","49","0","7","1","0.000000","0","0"
"/Engine/EngineMaterials/WorldGridMaterial.WorldGridMaterial","49","0","970","1","0.000000","0","0"
"/Engine/EngineMaterials/DefaultTextMaterialOpaque.DefaultTextMaterialOpaque","49","0","33","1","0.000000","0","0"
"/Engine/EngineMaterials/PPM_DefaultCalibrationGrayscale.PPM_DefaultCalibrationGrayscale","49","0","5","1","0.000000","0","0"
"/Engine/EngineMaterials/PPM_DefaultCalibrationColor.PPM_DefaultCalibrationColor","49","0","5","1","0.000000","0","0"
"/Engine/EditorMaterials/PreviewShadowIndicatorMaterial.PreviewShadowIndicatorMaterial","49","0","61","1","0.000000","0","0"
"/Engine/EngineSky/M_Sky_Panning_Clouds2.M_Sky_Panning_Clouds2","49","0","4","1","0.000000","0","0"
"/Engine/VREditor/SnapGrid/SnapGridMaterial.SnapGridMaterial","49","0","12","1","0.000000","0","0"
"/Engine/EngineSky/VolumetricClouds/m_SimpleVolumetricCloud.m_SimpleVolumetricCloud","49","0","100","1","0.000000","0","0"
"/Interchange/gltf/M_Unlit.M_Unlit","49","0","136","6","0.000000","0","0"
"/Game/MSPresets/M_MS_Glass_Material/M_MS_Glass_Material.M_MS_Glass_Material","49","33","33","1","105.015854","0","33"
"/Game/MSPresets/M_MS_SurfaceBlend_Material/M_MS_SurfaceBlend_Material.M_MS_SurfaceBlend_Material","49","14","14","1","10.057472","0","14"
"/Game/MSPresets/M_MS_ImperfectionDecal_Material_VT/M_MS_ImperfectionDecal_Material_VT.M_MS_ImperfectionDecal_Material_VT","49","21","21","1","14.914392","21","63"
"/Game/MSPresets/M_MS_ImperfectionDecal_Material/M_MS_ImperfectionDecal_Material.M_MS_ImperfectionDecal_Material","49","21","21","1","0.000000","21","63"
"/Game/MSPresets/M_MS_Decal_Material_VT/M_MS_Decal_Material_VT.M_MS_Decal_Material_VT","49","21","21","1","14.966628","21","63"
"/Game/MSPresets/M_MS_Decal_Material/M_MS_Decal_Material.M_MS_Decal_Material","49","21","21","1","13.330112","21","63"
"/Bridge/MSPresets/M_MS_Glass_Material/M_MS_Glass_Material.M_MS_Glass_Material","49","33","33","1","119.148216","0","33"
"/Engine/OpenWorldTemplate/LandscapeMaterial/M_ProcGrid.M_ProcGrid","49","0","62","2","0.000000","0","0"
"/SpeedTreeImporter/SpeedTree9/SpeedTreeBillboardMaster.SpeedTreeBillboardMaster","49","0","66","1","0.000000","0","0"
"/SpeedTreeImporter/SpeedTree9/SpeedTreeMaster.SpeedTreeMaster","49","0","92","1","0.000000","0","0"
"/Interchange/gltf/M_SpecularGlossiness.M_SpecularGlossiness","49","0","280","6","0.000000","0","0"
"/Interchange/gltf/M_Transmission.M_Transmission","49","0","96","2","0.000000","0","0"
"/Interchange/gltf/M_Sheen.M_Sheen","49","0","280","6","0.000000","0","0"
"/Interchange/gltf/M_ClearCoat.M_ClearCoat","49","0","280","6","0.000000","0","0"
"/Interchange/gltf/M_Default.M_Default","49","0","280","6","0.000000","0","0"
